insert into Datos_base values ('8284918-0','Adrian Gallardo','H','Toesca #123, Santiago','16-04-1960', '25-10-2010');
insert into Datos_base values ('17620642-6','Maria Jose Zapata','M','Blanco Encalada #512, Santiago','01-07-1990', '15-05-2009');
insert into Datos_base values ('13638539-0','Sofia Kauffmann','M','Colon #412, Puerto Varas','11-11-1975', '06-01-2009');
insert into Datos_base values ('18196320-4','Cristian Rios','H','Lo Vial #2314, Santiago','26-06-1992', '25-10-2010');
insert into Datos_base values ('14829674-9','Francisca Zepeda','M','Manuel Montt #762, Puerto Montt','16-07-1979', '16-07-2012');
insert into Datos_base values ('16742396-5','Mariana Fernandez','M','Arturo Prat #1755, Temuco','17-09-1986', '22-06-2008');
insert into Datos_base values ('12753819-3','Roberto Morales','H', 'Av. Brasil #128, Santiago','18-05-1974', '14-03-2010');
insert into Datos_base values ('12345678-9','Danilo Galleguillos','H', 'Av. Siempreviva #234, El Quisco','22-07-1974', '25-10-2010');
insert into Datos_base values ('9365172-5','Nicolas Godoy','H','Concepcion #1351, Santiago','29-03-1964', '25-12-2008');
insert into Datos_base values ('8469861-2','Tamara Donoso','M','Concepcion #1351, Santiago','13-02-1961', '12-08-2008');
insert into Datos_base values ('19047623-1','Roberto Godoy','H','Concepcion #1351, Santiago','16-07-1995', '16-07-2013');

insert into Contacto_correo values ('8284918-0','G.adrian@gmail.com');
insert into Contacto_correo values ('17620642-6','Cotecilla@gmail.com');
insert into Contacto_correo values ('13638539-0','Sofi_star@hotmail.com');
insert into Contacto_correo values ('18196320-4','Cris.cros@gmail.com');
insert into Contacto_correo values ('14829674-9','Mininosa@gmail.com');
insert into Contacto_correo values ('16742396-5','Fer.Mari@gmail.com');
insert into Contacto_correo values ('12753819-3','Robermo@gmail.com');
insert into Contacto_correo values ('12345678-9','Dondito@gmail.com');
insert into Contacto_correo values ('9365172-5','Dono.Tamara@hotmail.com');
insert into Contacto_correo values ('8469861-2','Dono.Tamara@hotmail.com');
insert into Contacto_correo values ('19047623-1','Betto167@gmail.com');

insert into Contacto_telefonico values ('8284918-0','82637109');
insert into Contacto_telefonico values ('17620642-6','7251649');
insert into Contacto_telefonico values ('13638539-0','61324689');
insert into Contacto_telefonico values ('18196320-4','81578456');
insert into Contacto_telefonico values ('14829674-9','82637109');
insert into Contacto_telefonico values ('16742396-5','83159703');
insert into Contacto_telefonico values ('12753819-3','68164920');
insert into Contacto_telefonico values ('12345678-9','72539401');
insert into Contacto_telefonico values ('9365172-5','96174562');
insert into Contacto_telefonico values ('8469861-2','96174562');
insert into Contacto_telefonico values ('19047623-1','96174562');


insert into Servicios_base values ('Telefonia Celular', 'Internet(200 Mb)','2000','1 mes','InternetMov1');
insert into Servicios_base values ('Telefonia Celular', 'Internet(200 Mb)','3000','2 meses','InternetMov2');
insert into Servicios_base values ('Telefonia Celular', 'Internet(1 Gb)','7000','1 mes','InternetMov3');
insert into Servicios_base values ('Telefonia Celular', 'Internet(1 Gb)','10000','2 meses','InternetMov4');
insert into Servicios_base values ('Telefonia Celular', 'Minutos(20 minutos)','3000','1 mes','Minutos1');
insert into Servicios_base values ('Telefonia Celular', 'Minutos(20 minutos)','5000','2 meses','Minutos2');
insert into Servicios_base values ('Telefonia Celular', 'Minutos(100 minutos)','7000','1 mes','Minutos3');
insert into Servicios_base values ('Telefonia Celular', 'Minutos(100 minutos)','9000','2 meses','Minutos4');
insert into Servicios_base values ('Telefonia Celular', 'Mensajeria de texto(30 mensajes)','1500','1 mes','MensajesTexto1');
insert into Servicios_base values ('Telefonia Celular', 'Mensajeria de texto(30 mensajes)','3500','2 meses','MensajesTexto2');
insert into Servicios_base values ('Telefonia Celular', 'Mensajeria de texto(90 mensajes)','5500','1 mes','MensajesTexto3');
insert into Servicios_base values ('Telefonia Celular', 'Mensajeria de texto(90 mensajes)','7500','2 meses','MensajesTexto4');
insert into Servicios_base values ('Telefonia Celular', 'Mensajeria multimedia(15 mensajes)','2000','1 mes','MensajesMulti1');
insert into Servicios_base values ('Telefonia Celular', 'Mensajeria multimedia(15 mensajes)','4000','2 meses','MensajesMulti2');
insert into Servicios_base values ('Telefonia Celular', 'Mensajeria multimedia(50 mensajes)','5000','1 mes','MensajesMulti3');
insert into Servicios_base values ('Telefonia Celular', 'Mensajeria multimedia(50 mensajes)','7000','2 meses','MensajesMulti4');
insert into Servicios_base values ('Television', 'Canales deportivos(2 canales)','1000','1 mes','CanalDep1');
insert into Servicios_base values ('Television', 'Canales deportivos(2 canales)','1500','2 meses','CanalDep2');
insert into Servicios_base values ('Television', 'Canales deportivos(5 canales)','2000','1 mes','CanalDep3');
insert into Servicios_base values ('Television', 'Canales deportivos(5 canales)','3000','2 meses','CanalDep4');
insert into Servicios_base values ('Television', 'Canales de peliculas(2 canales)','1500','1 mes','CanalPel1');
insert into Servicios_base values ('Television', 'Canales de peliculas(2 canales)','2000','2 meses','CanalPel2');
insert into Servicios_base values ('Television', 'Canales de peliculas(5 canales)','3000','1 mes','CanalPel3');
insert into Servicios_base values ('Television', 'Canales de peliculas(5 canales)','4000','2 meses','CanalPel4');
insert into Servicios_base values ('Television', 'Parrilla de canales base(60 canales)','15000','1 mes','CanalBase1');
insert into Servicios_base values ('Television', 'Parrilla de canales base(60 canales)','25000','2 meses','CanalBase2');
insert into Servicios_base values ('Television', 'Parrilla de canales base(80 canales)','20000','1 mes','CanalBase3');
insert into Servicios_base values ('Television', 'Parrilla de canales base(80 canales)','30000','2 meses','CanalBase4');
insert into Servicios_base values ('Juegos y entretencion', 'Arriendo de Consola PS3(2 juegos+ 1 control)','10000','1 semana','ConsolaPs3');
insert into Servicios_base values ('Juegos y entretencion', 'Arriendo de Consola Wii(2 juegos+ 1 control)','10000','1 semana','ConsolaWii');
insert into Servicios_base values ('Juegos y entretencion', 'Arriendo de Consola Xbox(2 juegos+ 1 control)','10000','1 semana','ConsolaXbox');
insert into Servicios_base values ('Juegos y entretencion', 'Arriendo de Juegos PS3(1 juego)','2000','1 semana','JuegoPs3');
insert into Servicios_base values ('Juegos y entretencion', 'Arriendo de Juegos Wii(1 juego)','2000','1 semana','Juegowii');
insert into Servicios_base values ('Juegos y entretencion', 'Arriendo de Juegos Xbox(1 juego)','2000','1 semana','JuegoXbox');
insert into Servicios_base values ('Juegos y entretencion', 'Arriendo de Mandos PS3(1 control)','4000','1 semana','MandoPs3');
insert into Servicios_base values ('Juegos y entretencion', 'Arriendo de Mandos Wii(1 control)','4000','1 semana','MandoWii');
insert into Servicios_base values ('Juegos y entretencion', 'Arriendo de Mandos Xbox(1 control)','4000','1 semana','MandoXbox');
insert into Servicios_base values ('Computador', 'Internet(3 Mb)','7000','1 mes','InternetComp1');
insert into Servicios_base values ('Computador', 'Internet(3 Mb)','12000','2 meses','InternetComp2');
insert into Servicios_base values ('Computador', 'Internet(10 Mb)','15000','1 mes','InternetComp3');
insert into Servicios_base values ('Computador', 'Internet(10 Mb)','25000','2 meses','InternetComp4');
insert into Servicios_base values ('Computador', 'Arriendo de Software de trabajo(1 software)','5000','1 mes','Software');
insert into Servicios_base values ('Computador', 'Arriendo de Juegos(1 Juego)','7000','1 mes','Juego');
insert into Servicios_base values ('Computador', 'Arriendo de elementos perifericos(2 articulos)','10000','2 semanas','Perifericos');


insert into Triple_Plan values('Plan3-1', 'CanalPel1', 'CanalBase1', 'CanalDep1', '16500','1 mes');
insert into Triple_Plan values('Plan3-2', 'CanalPel3', 'CanalBase3', 'CanalDep3', '23000','1 mes');
insert into Triple_Plan values('Plan3-3', 'Software', 'Perifericos', 'InternetComp1', '16000','2 semanas');
insert into Triple_Plan values('Plan3-4', 'Software', 'Perifericos', 'InternetComp3', '24000','2 semanas');
insert into Triple_Plan values('Plan3-5', 'InternetComp1', 'CanalBase1', 'Minutos1', '22000','1 mes');
insert into Triple_Plan values('Plan3-6', 'InternetComp3', 'CanalBase3', 'Minutos3', '38000','1 mes');

insert into Tetra_Plan values('Plan4-1', 'InternetMov1','Minutos1', 'MensajesMulti1', 'MensajesTexto1', '5500','1 mes');
insert into Tetra_Plan values('Plan4-2', 'InternetMov3','Minutos3', 'MensajesMulti3', 'MensajesTexto3', '15000','1 mes');
insert into Tetra_Plan values('Plan4-3', 'ConsolaPS3', 'MandoPs3', 'JuegoPs3', 'JuegoPs3', '16000','1 semana');
insert into Tetra_Plan values('Plan4-4', 'ConsolaWii', 'MandoWii', 'JuegoWii', 'JuegoWii', '16000','1 semana');
insert into Tetra_Plan values('Plan4-5', 'ConsolaXbox', 'MandoXbox', 'JuegoXbox', 'JuegoXbox', '16000','1 semana');

insert into Proveedores values('ABC', 'Telefonia celular', 'Internet');
insert into Proveedores values('ABC', 'Telefonia celular', 'Minutos');
insert into Proveedores values('ABC', 'Telefonia celular', 'Mensajes de texto');
insert into Proveedores values('ABC', 'Telefonia celular', 'Mensajes multimedia');
insert into Proveedores values('Hello', 'Telefonia celular', 'Internet');
insert into Proveedores values('Hello', 'Telefonia celular', 'Minutos');
insert into Proveedores values('Hello', 'Telefonia celular', 'Mensajes de texto');
insert into Proveedores values('Hello', 'Telefonia celular', 'Mensajes multimedia');
insert into Proveedores values('Hello', 'Computador', 'Internet');
insert into Proveedores values('Ubantos', 'Computador', 'Internet');
insert into Proveedores values('Ubantos', 'Computador', 'Software');
insert into Proveedores values('Ubantos', 'Computador', 'Perifericos');
insert into Proveedores values('Ubantos', 'Computador', 'Juego');
insert into Proveedores values('Xsofit', 'Computador', 'Juego');
insert into Proveedores values('Xsofit', 'Juegos y entretencion', 'Arriendo de Consola PS3(2 juegos+ 1 control)');
insert into Proveedores values('Xsofit', 'Juegos y entretencion', 'Arriendo de Consola Wii(2 juegos+ 1 control)');
insert into Proveedores values('Xsofit', 'Juegos y entretencion', 'Arriendo de Consola Xbox(2 juegos+ 1 control)');
insert into Proveedores values('Xsofit', 'Juegos y entretencion', 'Arriendo de Consola PS3(1 control)');
insert into Proveedores values('Xsofit', 'Juegos y entretencion', 'Arriendo de Consola Wii(1 control)');
insert into Proveedores values('Xsofit', 'Juegos y entretencion', 'Arriendo de Consola Xbox(1 control)');
insert into Proveedores values('Xsofit', 'Juegos y entretencion', 'Arriendo de Consola PS3(1 juego)');
insert into Proveedores values('Xsofit', 'Juegos y entretencion', 'Arriendo de Consola Wii(1 juego)');
insert into Proveedores values('Xsofit', 'Juegos y entretencion', 'Arriendo de Consola Xbox(1 juego)');
insert into Proveedores values('Nuvis', 'Juegos y entretencion', 'Arriendo de Consola PS3(2 juegos+ 1 control)');
insert into Proveedores values('Nuvis', 'Juegos y entretencion', 'Arriendo de Consola Wii(2 juegos+ 1 control)');
insert into Proveedores values('Nuvis', 'Juegos y entretencion', 'Arriendo de Consola Xbox(2 juegos+ 1 control)');
insert into Proveedores values('Nuvis', 'Juegos y entretencion', 'Arriendo de Consola PS3(1 control)');
insert into Proveedores values('Nuvis', 'Juegos y entretencion', 'Arriendo de Consola Wii(1 control)');
insert into Proveedores values('Nuvis', 'Juegos y entretencion', 'Arriendo de Consola Xbox(1 control)');
insert into Proveedores values('Nuvis', 'Juegos y entretencion', 'Arriendo de Consola PS3(1 juego)');
insert into Proveedores values('Nuvis', 'Juegos y entretencion', 'Arriendo de Consola Wii(1 juego)');
insert into Proveedores values('Nuvis', 'Juegos y entretencion', 'Arriendo de Consola Xbox(1 juego)');
insert into Proveedores values('NBT', 'Television', 'Canales Base');
insert into Proveedores values('NBT', 'Television', 'Canales Deportivos');
insert into Proveedores values('NBT', 'Television', 'Canales Peliculas');
insert into Proveedores values('Okay', 'Television', 'Canales Base');
insert into Proveedores values('Okay', 'Television', 'Canales Deportivos');
insert into Proveedores values('Okay', 'Television', 'Canales Peliculas');
insert into Proveedores values('Okay', 'Telefonia Celular', 'Minutos');
insert into Proveedores values('Okay', 'Computador', 'Internet');

insert into Usuario_servicio_base values ('8284918-0', 'CanalDep3', '2013-10-10', 'NBT');
insert into Usuario_servicio_base values ('13638539-0', 'InternetComp3', '2013-09-22', 'Hello');
insert into Usuario_servicio_base values ('12753819-3', 'Minutos4', '2013-09-24', 'ABC');
insert into Usuario_servicio_base values ('9365172-5',  'InternetMov2', '2013-09-13','Hello');
insert into Usuario_servicio_base values ('8469861-2',  'CanalPel1', '2013-10-18','Okay');

insert into Usuario_Tetra_Plan values ('17620642-6','Plan4-1', '2013-10-04', 'ABC');
insert into Usuario_Tetra_Plan values ('12345678-9', 'Plan4-2', '2013-10-06','Hello');
insert into Usuario_Tetra_Plan values ('19047623-1',  'Plan4-4', '2013-10-18','Nuvis');
insert into Usuario_Tetra_Plan values ('18196320-4','Plan4-3', '2013-10-20', 'Xsofit');

insert into Usuario_Triple_Plan values ('8284918-0','Plan3-6', '2013-09-25', 'Okay');
insert into Usuario_Triple_Plan values ('18196320-4','Plan3-5', '2013-10-15', 'Okay');
insert into Usuario_Triple_Plan values ('14829674-9','Plan3-4', '2013-10-14', 'Ubantos');
insert into Usuario_Triple_Plan values ('16742396-5','Plan3-2', '2013-10-17', 'NBT');
insert into Usuario_Triple_Plan values ('9365172-5','Plan3-5', '2013-10-18', 'Okay');

insert into Historial_Tripleplanes values ('1','9365172-5','Plan3-5', '2013-07-17', '2013-08-17', 'Okay');
insert into Historial_Tripleplanes values ('1','18196320-4','Plan3-2', '2011-03-16','2013-04-16', 'Okay');
insert into Historial_Tripleplanes values ('1','14829674-9','Plan3-3', '2013-04-03','2013-04-17', 'Ubantos');
insert into Historial_Tripleplanes values ('2','14829674-9','Plan3-3', '2013-04-17','2013-04-31', 'Ubantos');

insert into Historial_Tetraplanes values ('1','12345678-9', 'Plan4-2', '2010-12-23','2011-01-23','Hello');
insert into Historial_Tetraplanes values ('1','18196320-4',  'Plan4-4', '2012-08-20','2012-08-27','Nuvis');
insert into Historial_Tetraplanes values ('1','19047623-1','Plan4-3', '2013-08-03','2013-08-10', 'Xsofit');

insert into Historial_servicios values ('1','12753819-3', 'Minutos4', '2010-12-24','2011-02-24', 'ABC');
insert into Historial_servicios values ('1','9365172-5',  'InternetMov2', '2012-01-16','2012-03-16','Hello');
insert into Historial_servicios values ('1','8469861-2',  'CanalPel1', '2009-07-18','2009-08-18','Okay');
